-10;1.096000397
-9.99;1.089674549
-9.98;1.083670858
-9.97;1.077976798
-9.96;1.072580336
-9.95;1.067469893
-9.94;1.062634321
-9.93;1.058062871
-9.92;1.053745167
-9.91;1.049671187
-9.9;1.045831237
-9.89;1.04221593
-9.88;1.038816174
-9.87;1.035623143
-9.86;1.032628274
-9.85;1.029823242
-9.84;1.027199952
-9.83;1.024750527
-9.82;1.022467293
-9.81;1.020342775
-9.8;1.018369681
-9.79;1.016540903
-9.78;1.0148495
-9.77;1.013288703
-9.76;1.0118519
-9.75;1.010532639
-9.74;1.009324621
-9.73;1.008221699
-9.72;1.007217877
-9.71;1.006307306
-9.7;1.005484287
-9.69;1.004743271
-9.68;1.004078851
-9.67;1.003485793
-9.66;1.002958993
-9.65;1.002493513
-9.64;1.002084573
-9.63;1.001727556
-9.62;1.001418011
-9.61;1.001151657
-9.6;1.000924388
-9.59;1.000732277
-9.58;1.000571579
-9.57;1.000439101
-9.56;1.000330729
-9.55;1.000243688
-9.54;1.000175016
-9.53;1.000121958
-9.52;1.000081968
-9.51;1.00005272
-9.5;1.000032104
-9.49;1.000018236
-9.48;1.000009457
-9.47;1.000004339
-9.46;1.000001688
-9.45;1.000000543
-9.44;1.000000181
-9.43;1.000000118
-9.42;1.000000108
-9.41;1.000000147
-9.4;1.000000467
-9.39;1.000001545
-9.38;1.000004091
-9.37;1.000009055
-9.36;1.000017622
-9.35;1.00003121
-9.34;1.000051466
-9.33;1.000080264
-9.32;1.000119705
-9.31;1.000172105
-9.3;1.00024
-9.29;1.000326136
-9.28;1.000433466
-9.27;1.000565147
-9.26;1.000724633
-9.25;1.00091527
-9.24;1.001140894
-9.23;1.001405424
-9.22;1.00171296
-9.21;1.002067774
-9.2;1.002474309
-9.19;1.002937177
-9.18;1.003461149
-9.17;1.004051158
-9.16;1.004712291
-9.15;1.005449789
-9.14;1.006269048
-9.13;1.007175609
-9.12;1.008175166
-9.11;1.009273559
-9.1;1.010476779
-9.09;1.011790967
-9.08;1.013222414
-9.07;1.014777565
-9.06;1.016463025
-9.05;1.018285557
-9.04;1.020252092
-9.03;1.022369734
-9.02;1.024645763
-9.01;1.027087648
-9;1.029702799
-8.99;1.032499614
-8.98;1.035485901
-8.97;1.038669973
-8.96;1.042060384
-8.95;1.045665947
-8.94;1.049495743
-8.93;1.053559145
-8.92;1.057865833
-8.91;1.062425815
-8.9;1.067249449
-8.89;1.072347468
-8.88;1.077731003
-8.87;1.083411612
-8.86;1.089401309
-8.85;1.095712594
-8.84;1.102358493
-8.83;1.109352585
-8.82;1.116709051
-8.81;1.124442708
-8.8;1.132569062
-8.79;1.14110435
-8.78;1.150065597
-8.77;1.159470669
-8.76;1.169338337
-8.75;1.179688343
-8.74;1.190541465
-8.73;1.2019196
-8.72;1.213845843
-8.71;1.226344576
-8.7;1.239441564
-8.69;1.253164062
-8.68;1.267540926
-8.67;1.282602733
-8.66;1.29838192
-8.65;1.314912925
-8.64;1.332232346
-8.63;1.350379111
-8.62;1.369394334
-8.61;1.389322875
-8.6;1.4102115
-8.59;1.432110525
-8.58;1.455073725
-8.57;1.479158633
-8.56;1.504426867
-8.55;1.530944482
-8.54;1.558782367
-8.53;1.588016681
-8.52;1.618729329
-8.51;1.651008501
-8.5;1.68494956
-8.49;1.720654458
-8.48;1.758234375
-8.47;1.797809225
-8.46;1.839508896
-8.45;1.883474271
-8.44;1.929858358
-8.43;1.978827569
-8.42;2.030563153
-8.41;2.085262816
-8.4;2.143142542
-8.39;2.204438664
-8.38;2.269410207
-8.37;2.338341548
-8.36;2.41154546
-8.35;2.489366575
-8.34;2.572185364
-8.33;2.660422696
-8.32;2.754545099
-8.31;2.855070832
-8.3;2.962576921
-8.29;3.077707337
-8.28;3.201182536
-8.27;3.333810618
-8.26;3.476500438
-8.25;3.630277061
-8.24;3.796300055
-8.23;3.975885231
-8.22;4.170530604
-8.21;4.381947519
-8.2;4.612098173
-8.19;4.863241054
-8.18;5.137986296
-8.17;5.439363478
-8.16;5.770905178
-8.15;6.136750612
-8.14;6.541775073
-8.13;6.991752765
-8.12;7.493563281
-8.11;8.055454688
-8.1;8.687387898
-8.09;9.401474459
-8.08;10.21256468
-8.07;11.13902411
-8.06;12.20378142
-8.05;13.4357597
-8.04;14.8718604
-8.03;16.55975756
-8.02;18.56190446
-8.01;20.96139276
-8;23.87071669
-7.99;27.44518155
-7.98;31.90409234
-7.97;37.56518941
-7.96;44.90286102
-7.95;54.65085468
-7.94;67.99309198
-7.93;86.94086532
-7.92;115.1377179
-7.91;159.7514243
-7.9;236.5233435
-7.89;385.8260346
-7.88;739.0179584
-7.87;1949.06565
-7.86;13804.6673
-7.85;31539.02939
-7.84;2558.136047
-7.83;869.8010343
-7.82;433.4100142
-7.81;258.8969831
-7.8;172.0014914
-7.79;122.5576646
-7.78;91.77036514
-7.77;71.31043885
-7.76;57.02686278
-7.75;46.66251438
-7.74;38.90449728
-7.73;32.94694679
-7.72;28.27299373
-7.71;24.53876371
-7.7;21.50827619
-7.69;19.01530525
-7.68;16.93975899
-7.67;15.1934819
-7.66;13.71036709
-7.65;12.44010354
-7.64;11.34385425
-7.63;10.39125357
-7.62;9.558282787
-7.61;8.825742304
-7.6;8.178136249
-7.59;7.602847061
-7.58;7.089516979
-7.57;6.629579213
-7.56;6.215898798
-7.55;5.842494733
-7.54;5.504323066
-7.53;5.197106095
-7.52;4.917196816
-7.51;4.661470544
-7.5;4.427237659
-7.49;4.212172892
-7.48;4.014257667
-7.47;3.831732817
-7.46;3.663059581
-7.45;3.506887293
-7.44;3.362026444
-7.43;3.227425795
-7.42;3.10215493
-7.41;2.985385942
-7.4;2.876381486
-7.39;2.774482834
-7.38;2.679100028
-7.37;2.589703445
-7.36;2.505816542
-7.35;2.427009598
-7.34;2.352894307
-7.33;2.283119076
-7.32;2.21736494
-7.31;2.155341997
-7.3;2.096786286
-7.29;2.041457051
-7.28;1.98913434
-7.27;1.939616879
-7.26;1.892720204
-7.25;1.848275003
-7.24;1.806125646
-7.23;1.766128877
-7.22;1.728152654
-7.21;1.692075108
-7.2;1.657783617
-7.19;1.625173972
-7.18;1.594149635
-7.17;1.564621069
-7.16;1.536505131
-7.15;1.509724534
-7.14;1.484207351
-7.13;1.459886576
-7.12;1.436699718
-7.11;1.414588439
-7.1;1.393498223
-7.09;1.373378074
-7.08;1.354180241
-7.07;1.335859971
-7.06;1.318375277
-7.05;1.301685792
-7.04;1.285756417
-7.03;1.270551263
-7.02;1.256037497
-7.01;1.242184176
-7;1.228962103
-6.99;1.216343708
-6.98;1.204302931
-6.97;1.192815116
-6.96;1.181856916
-6.95;1.171406195
-6.94;1.161441955
-6.93;1.151944304
-6.92;1.142894161
-6.91;1.134273544
-6.9;1.126065262
-6.89;1.118252922
-6.88;1.110820874
-6.87;1.103754164
-6.86;1.097038485
-6.85;1.090660138
-6.84;1.08460599
-6.83;1.078863434
-6.82;1.073420362
-6.81;1.068265124
-6.8;1.063386504
-6.79;1.058773692
-6.78;1.054416255
-6.77;1.050304116
-6.76;1.046427528
-6.75;1.04277706
-6.74;1.039343572
-6.73;1.036118197
-6.72;1.033092331
-6.71;1.030257612
-6.7;1.02760591
-6.69;1.025129313
-6.68;1.022820116
-6.67;1.020670812
-6.66;1.018674083
-6.65;1.016822789
-6.64;1.015109965
-6.63;1.013528813
-6.62;1.012072698
-6.61;1.010735142
-6.6;1.009509823
-6.59;1.008390568
-6.58;1.007371358
-6.57;1.006446321
-6.56;1.005609734
-6.55;1.004856023
-6.54;1.004179758
-6.53;1.00357568
-6.52;1.003038663
-6.51;1.002563741
-6.5;1.002146109
-6.49;1.001781125
-6.48;1.001464311
-6.47;1.001191357
-6.46;1.000958131
-6.45;1.000760676
-6.44;1.000595217
-6.43;1.000458538
-6.42;1.000346481
-6.41;1.000256246
-6.4;1.000184839
-6.39;1.00012947
-6.38;1.000087561
-6.37;1.000056749
-6.36;1.00003489
-6.35;1.000020064
-6.34;1.000010576
-6.33;1.000004961
-6.32;1.000001987
-6.31;1.000000657
-6.3;1.000000209
-6.29;1.000000121
-6.28;1.00000011
-6.27;1.000000131
-6.26;1.000000381
-6.25;1.000001296
-6.24;1.000003551
-6.23;1.000008057
-6.22;1.000015961
-6.21;1.000028645
-6.2;1.000047719
-6.19;1.000075022
-6.18;1.000112618
-6.17;1.00016279
-6.16;1.000228039
-6.15;1.000311077
-6.14;1.000414826
-6.13;1.000542409
-6.12;1.000697251
-6.11;1.000882665
-6.1;1.001102459
-6.09;1.001360523
-6.08;1.001660927
-6.07;1.002007918
-6.06;1.002405912
-6.05;1.002859493
-6.04;1.003373407
-6.03;1.003952562
-6.02;1.00460202
-6.01;1.005326999
-6;1.006132868
-5.99;1.007025148
-5.98;1.008009507
-5.97;1.009091762
-5.96;1.01027788
-5.95;1.011573977
-5.94;1.01298632
-5.93;1.014521332
-5.92;1.01618559
-5.91;1.017985831
-5.9;1.019928961
-5.89;1.022022053
-5.88;1.024272362
-5.87;1.026687324
-5.86;1.029274314
-5.85;1.032041705
-5.84;1.034997265
-5.83;1.03814927
-5.82;1.041506236
-5.81;1.045076931
-5.8;1.048870395
-5.79;1.052895952
-5.78;1.057163231
-5.77;1.061682188
-5.76;1.066463123
-5.75;1.071516708
-5.74;1.076854008
-5.73;1.082486511
-5.72;1.088426156
-5.71;1.094685366
-5.7;1.101277078
-5.69;1.108214782
-5.68;1.115512559
-5.67;1.123185123
-5.66;1.131247867
-5.65;1.139716907
-5.64;1.148609139
-5.63;1.157942292
-5.62;1.16773499
-5.61;1.178006812
-5.6;1.188778369
-5.59;1.200071374
-5.58;1.211908724
-5.57;1.224314591
-5.56;1.237314513
-5.55;1.2509355
-5.54;1.265206145
-5.53;1.280156742
-5.52;1.295819423
-5.51;1.312228298
-5.5;1.329419607
-5.49;1.347431898
-5.48;1.366306204
-5.47;1.386085927
-5.46;1.406818361
-5.45;1.428552957
-5.44;1.451342919
-5.43;1.475245163
-5.42;1.500320631
-5.41;1.526634647
-5.4;1.554257302
-5.39;1.583263884
-5.38;1.613735349
-5.37;1.64575885
-5.36;1.679428616
-5.35;1.714845344
-5.34;1.752118852
-5.33;1.791367551
-5.32;1.832719677
-5.31;1.876314289
-5.3;1.92230238
-5.29;1.970848138
-5.28;2.022130344
-5.27;2.076343968
-5.26;2.13370195
-5.25;2.194437235
-5.24;2.258805061
-5.23;2.327085577
-5.22;2.399586812
-5.21;2.476648072
-5.2;2.558643831
-5.19;2.645988192
-5.18;2.739140027
-5.17;2.838608911
-5.16;2.944961995
-5.15;3.058831988
-5.14;3.180926462
-5.13;3.312038736
-5.12;3.453060651
-5.11;3.604997616
-5.1;3.768986421
-5.09;3.946316374
-5.08;4.138454535
-5.07;4.347075941
-5.06;4.574100022
-5.05;4.821734653
-5.04;5.092529782
-5.03;5.389443045
-5.02;5.715920548
-5.01;6.075996974
-5;6.47442045
-4.99;6.916809466
-4.98;7.409851574
-4.97;7.96155617
-4.96;8.581585218
-4.95;9.281672301
-4.94;10.07618543
-4.93;10.98286826
-4.92;12.02383845
-4.91;13.2269484
-4.9;14.62766662
-4.89;16.27172069
-4.88;18.21887553
-4.87;20.54844071
-4.86;23.36747802
-4.85;26.82330514
-4.84;31.12316409
-4.83;36.56600974
-4.82;43.5959119
-4.81;52.89558363
-4.8;65.55860804
-4.79;83.42625629
-4.78;109.7966749
-4.77;151.0636488
-4.76;220.9914102
-4.75;353.8765365
-4.74;656.2677348
-4.73;1612.550323
-4.72;8631.878378
-4.71;87607.0167
-4.7;3258.014297
-4.69;997.8885613
-4.68;477.0398104
-4.67;278.6852451
-4.66;182.5925539
-4.65;128.8731751
-4.64;95.83431404
-4.63;74.07772597
-4.62;58.99534656
-4.61;48.11229958
-4.6;40.00292466
-4.59;33.79896512
-4.58;28.94711773
-4.57;25.08125719
-4.56;21.95128979
-4.55;19.38174603
-4.54;17.2462972
-4.53;15.45248919
-4.52;13.93117894
-4.51;12.6298713
-4.5;11.50813072
-4.49;10.53440332
-4.48;9.683774676
-4.47;8.936361311
-4.46;8.276139089
-4.45;7.690078005
-4.44;7.167495103
-4.43;6.699564851
-4.42;6.278944669
-4.41;5.899485671
-4.4;5.556007146
-4.39;5.244119235
-4.38;4.960082362
-4.37;4.700694982
-4.36;4.463203302
-4.35;4.245228185
-4.34;4.044705617
-4.33;3.859837919
-4.32;3.689053549
-4.31;3.530973811
-4.3;3.384385142
-4.29;3.248215568
-4.28;3.121516769
-4.27;3.003445276
-4.26;2.89325021
-4.25;2.790261019
-4.24;2.693877393
-4.23;2.60356061
-4.22;2.518826118
-4.21;2.439237122
-4.2;2.364399051
-4.19;2.293954752
-4.18;2.227580317
-4.17;2.164981433
-4.16;2.1058902
-4.15;2.050062337
-4.14;1.997274726
-4.13;1.94732325
-4.12;1.900020884
-4.11;1.855196005
-4.1;1.812690896
-4.09;1.772360412
-4.08;1.734070796
-4.07;1.697698626
-4.06;1.663129863
-4.05;1.630259011
-4.04;1.598988358
-4.03;1.569227292
-4.02;1.540891692
-4.01;1.513903369
-4;1.488189577
-3.99;1.463682551
-3.98;1.440319109
-3.97;1.418040273
-3.96;1.396790939
-3.95;1.376519569
-3.94;1.357177914
-3.93;1.338720759
-3.92;1.32110569
-3.91;1.304292887
-3.9;1.288244051
-3.89;1.272925802
-3.88;1.258304042
-3.87;1.244347533
-3.86;1.23102681
-3.85;1.218314052
-3.84;1.206182967
-3.83;1.194608681
-3.82;1.183567643
-3.81;1.173037533
-3.8;1.162997175
-3.79;1.153426517
-3.78;1.144306322
-3.77;1.135618469
-3.76;1.127345634
-3.75;1.1194713
-3.74;1.111979704
-3.73;1.104855782
-3.72;1.098085128
-3.71;1.09165395
-3.7;1.085549025
-3.69;1.079757667
-3.68;1.074267688
-3.67;1.06906737
-3.66;1.064145428
-3.65;1.05949099
-3.64;1.055093565
-3.63;1.050943018
-3.62;1.047029555
-3.61;1.043343694
-3.6;1.039876248
-3.59;1.036618311
-3.58;1.033561236
-3.57;1.030696624
-3.56;1.028016309
-3.55;1.025512344
-3.54;1.023176994
-3.53;1.02100272
-3.52;1.018982173
-3.51;1.017108187
-3.5;1.015373769
-3.49;1.013772095
-3.48;1.012296504
-3.47;1.010940493
-3.46;1.009697715
-3.45;1.008561975
-3.44;1.007527228
-3.43;1.006587579
-3.42;1.005737282
-3.41;1.004970739
-3.4;1.004282495
-3.39;1.003667269
-3.38;1.003119907
-3.37;1.002635421
-3.36;1.002208981
-3.35;1.001835916
-3.34;1.001511722
-3.33;1.001232065
-3.32;1.000992781
-3.31;1.000789886
-3.3;1.000619577
-3.29;1.000478609
-3.28;1.000362786
-3.27;1.000269282
-3.26;1.000195068
-3.25;1.000137323
-3.24;1.000093434
-3.23;1.000061004
-3.22;1.000037854
-3.21;1.000022027
-3.2;1.000011792
-3.19;1.000005649
-3.18;1.000002328
-3.17;1.000000793
-3.16;1.000000246
-3.15;1.000000126
-3.14;1.000000111
-3.13;1.00000012
-3.12;1.000000311
-3.11;1.000001081
-3.1;1.000003067
-3.09;1.000007144
-3.08;1.000014421
-3.07;1.000026241
-3.06;1.00004418
-3.05;1.000070041
-3.04;1.00010585
-3.03;1.000153857
-3.02;1.000216529
-3.01;1.000296544
-3;1.00039679
-2.99;1.000520359
-2.98;1.000670645
-2.97;1.000850931
-2.96;1.001064994
-2.95;1.001316695
-2.94;1.001610076
-2.93;1.001949356
-2.92;1.002338925
-2.91;1.002783339
-2.9;1.003287319
-2.89;1.003855748
-2.88;1.004493664
-2.87;1.00520626
-2.86;1.005998881
-2.85;1.006877023
-2.84;1.007846331
-2.83;1.008912598
-2.82;1.010081769
-2.81;1.011359935
-2.8;1.012753338
-2.79;1.014268377
-2.78;1.015911603
-2.77;1.017689729
-2.76;1.019609633
-2.75;1.02167836
-2.74;1.023903137
-2.73;1.026291369
-2.72;1.028850398
-2.71;1.031588569
-2.7;1.034513612
-2.69;1.037633766
-2.68;1.040957508
-2.67;1.044493566
-2.66;1.048250934
-2.65;1.05223889
-2.64;1.056467013
-2.63;1.060945206
-2.62;1.065683713
-2.61;1.070693143
-2.6;1.075984499
-2.59;1.081569199
-2.58;1.087459109
-2.57;1.093666571
-2.56;1.100204438
-2.55;1.107086111
-2.54;1.114325572
-2.53;1.121937434
-2.52;1.129936975
-2.51;1.138340196
-2.5;1.147163864
-2.49;1.156425571
-2.48;1.166143793
-2.47;1.176337955
-2.46;1.187028498
-2.45;1.198236953
-2.44;1.209986023
-2.43;1.222299672
-2.42;1.235203213
-2.41;1.248723414
-2.4;1.262888608
-2.39;1.27772881
-2.38;1.29327585
-2.37;1.309563513
-2.36;1.326627688
-2.35;1.344506545
-2.34;1.363240707
-2.33;1.382873129
-2.32;1.403450635
-2.31;1.425022151
-2.3;1.447640319
-2.29;1.471361443
-2.28;1.496245802
-2.27;1.522357995
-2.26;1.549767329
-2.25;1.578548231
-2.24;1.608780724
-2.23;1.640550933
-2.22;1.673951976
-2.21;1.709083309
-2.2;1.74605341
-2.19;1.78497921
-2.18;1.825987316
-2.17;1.86921499
-2.16;1.914811248
-2.15;1.962938084
-2.14;2.013771855
-2.13;2.067504837
-2.12;2.12434698
-2.11;2.184527895
-2.1;2.248299105
-2.09;2.315936602
-2.08;2.387743758
-2.07;2.464054654
-2.06;2.545237877
-2.05;2.631700893
-2.04;2.723895071
-2.03;2.822321476
-2.02;2.927537585
-2.01;3.04016508
-2;3.160898927
-1.99;3.290517984
-1.98;3.429897459
-1.97;3.580023559
-1.96;3.742010827
-1.95;3.917122708
-1.94;4.106796069
-1.93;4.312670564
-1.92;4.536623965
-1.91;4.780814893
-1.9;5.047734766
-1.89;5.340271316
-1.88;5.661786709
-1.87;6.016214243
-1.86;6.408178846
-1.85;6.8431483
-1.84;7.327624518
-1.83;7.869386467
-1.82;8.477807871
-1.81;9.164258417
-1.8;9.9426425
-1.79;10.83010698
-1.78;11.84799274
-1.77;13.02312869
-1.76;14.38961671
-1.75;15.99133255
-1.74;17.88549057
-1.73;20.14782312
-1.72;22.88027163
-1.71;26.22265455
-1.7;30.37093944
-1.69;35.60661453
-1.68;42.34573053
-1.67;51.22417462
-1.66;63.25335637
-1.65;80.12153011
-1.64;104.8201312
-1.63;143.0675381
-1.62;206.9431721
-1.61;325.7412201
-1.6;586.6833044
-1.59;1356.234803
-1.58;5903.075091
-1.57;788430.2226
-1.56;4290.011712
-1.55;1156.518149
-1.54;527.6122738
-1.53;300.8360191
-1.52;194.1953662
-1.51;135.6914963
-1.5;100.1756112
-1.49;77.01027003
-1.48;61.06832676
-1.47;49.63135252
-1.46;41.14906336
-1.45;34.68490905
-1.44;29.64602026
-1.43;25.64226757
-1.42;22.40841751
-1.41;19.75913255
-1.4;17.56145397
-1.39;15.71837478
-1.38;14.15754678
-1.37;12.82417581
-1.36;11.6761481
-1.35;10.68066528
-1.34;9.811876799
-1.33;9.049185851
-1.32;8.376018266
-1.31;7.778915306
-1.3;7.246856485
-1.29;6.770748088
-1.28;6.343032631
-1.27;5.95738765
-1.26;5.608491205
-1.25;5.291837726
-1.24;5.003592235
-1.23;4.740474047
-1.22;4.499663345
-1.21;4.278725623
-1.2;4.075550196
-1.19;3.888299857
-1.18;3.715369437
-1.17;3.555351514
-1.16;3.407007883
-1.15;3.269245344
-1.14;3.141097254
-1.13;3.021704235
-1.12;2.91030157
-1.11;2.806206631
-1.1;2.708808534
-1.09;2.617559274
-1.08;2.531966126
-1.07;2.451585078
-1.06;2.376015176
-1.05;2.304893602
-1.04;2.237891408
-1.03;2.174709794
-1.02;2.115076848
-1.01;2.058744702
-1;2.005487017
-0.99;1.955096785
-0.98;1.907384377
-0.97;1.862175823
-0.96;1.819311283
-0.95;1.778643692
-0.94;1.740037556
-0.93;1.70336787
-0.92;1.668519161
-0.91;1.635384626
-0.9;1.603865359
-0.89;1.573869661
-0.88;1.545312415
-0.87;1.518114524
-0.86;1.492202404
-0.85;1.467507526
-0.84;1.443966003
-0.83;1.421518213
-0.82;1.400108454
-0.81;1.379684641
-0.8;1.360198018
-0.79;1.341602901
-0.78;1.323856448
-0.77;1.306918437
-0.76;1.290750189
-0.75;1.275318005
-0.74;1.260587457
-0.73;1.246527013
-0.72;1.233106936
-0.71;1.220299149
-0.7;1.208077123
-0.69;1.196415768
-0.68;1.185291328
-0.67;1.174681291
-0.66;1.164564305
-0.65;1.154920155
-0.64;1.145729448
-0.63;1.136973919
-0.62;1.128636112
-0.61;1.120699385
-0.6;1.113147858
-0.59;1.105966359
-0.58;1.099140381
-0.57;1.092656036
-0.56;1.086500012
-0.55;1.080659542
-0.54;1.075122361
-0.53;1.069876676
-0.52;1.064911137
-0.51;1.060214807
-0.5;1.055777135
-0.49;1.051587934
-0.48;1.047637355
-0.47;1.043915867
-0.46;1.040414238
-0.45;1.037123519
-0.44;1.034035022
-0.43;1.03114031
-0.42;1.02843118
-0.41;1.025899653
-0.4;1.023537958
-0.39;1.021338527
-0.38;1.019293981
-0.37;1.017397125
-0.36;1.01564094
-0.35;1.014018575
-0.34;1.012523342
-0.33;1.011148715
-0.32;1.009888322
-0.31;1.008735943
-0.3;1.00768551
-0.29;1.006731104
-0.28;1.005866955
-0.27;1.005087441
-0.26;1.004387084
-0.25;1.003760578
-0.24;1.003202746
-0.23;1.002708574
-0.22;1.002273205
-0.21;1.001891945
-0.2;1.001560263
-0.19;1.001273796
-0.18;1.001028353
-0.17;1.000819922
-0.16;1.00064467
-0.15;1.000499328
-0.14;1.000379658
-0.13;1.000282807
-0.12;1.000205715
-0.11;1.000145527
-0.1;1.000099597
-0.09;1.000065494
-0.08;1.000041002
-0.07;1.000024131
-0.06;1.000013112
-0.05;1.000006409
-0.04;1.000002713
-0.03;1.000000953
-0.02;1.000000293
-0.01;1.000000132
-1.69E-13;1
0.01;0.501417345
0.02;0.260485251
0.03;0.155797954
0.04;0.09774804
0.05;0.061996892
0.06;0.038801816
0.07;0.023411433
0.08;0.01320571
0.09;0.006612406
0.1;0.002627692
0.11;5.79E-04
0.12;5.61E-07
0.13;5.56E-04
0.14;0.002000127
0.15;0.004147881
0.16;0.006858263
0.17;0.010021757
0.18;0.013552225
0.19;0.017381131
0.2;0.021453375
0.21;0.025724259
0.22;0.030157232
0.23;0.034722192
0.24;0.039394188
0.25;0.044152425
0.26;0.048979482
0.27;0.053860702
0.28;0.058783703
0.29;0.06373799
0.3;0.068714638
0.31;0.073706042
0.32;0.078705697
0.33;0.083708053
0.34;0.08870834
0.35;0.093702464
0.36;0.098686927
0.37;0.103658707
0.38;0.108615229
0.39;0.11355427
0.4;0.118473939
0.41;0.12337261
0.42;0.128248908
0.43;0.133101656
0.44;0.137929868
0.45;0.14273271
0.46;0.147509492
0.47;0.152259642
0.48;0.156982696
0.49;0.161678285
0.5;0.166346118
0.51;0.170985985
0.52;0.175597718
0.53;0.180181237
0.54;0.184736476
0.55;0.189263446
0.56;0.193762161
0.57;0.198232704
0.58;0.202675148
0.59;0.207089623
0.6;0.211476278
0.61;0.215835254
0.62;0.220166748
0.63;0.224470929
0.64;0.228748014
0.65;0.232998224
0.66;0.237221764
0.67;0.241418876
0.68;0.245589806
0.69;0.249734778
0.7;0.253854051
0.71;0.257947875
0.72;0.26201651
0.73;0.266060198
0.74;0.270079204
0.75;0.274073794
0.76;0.278044209
0.77;0.281990718
0.78;0.285913579
0.79;0.289813053
0.8;0.293689386
0.81;0.297542838
0.82;0.301373664
0.83;0.305182118
0.84;0.30896844
0.85;0.312732884
0.86;0.316475695
0.87;0.320197118
0.88;0.323897386
0.89;0.327576743
0.9;0.331235421
0.91;0.334873657
0.92;0.338491674
0.93;0.342089703
0.94;0.345667968
0.95;0.349226691
0.96;0.352766087
0.97;0.356286374
0.98;0.359787766
0.99;0.36327047
1;0.366734694
1.01;0.370180644
1.02;0.373608518
1.03;0.377018518
1.04;0.380410837
1.05;0.383785671
1.06;0.387143205
1.07;0.390483632
1.08;0.393807133
1.09;0.397113892
1.1;0.400404092
1.11;0.403677904
1.12;0.406935505
1.13;0.410177068
1.14;0.413402754
1.15;0.416612741
1.16;0.419807188
1.17;0.422986257
1.18;0.426150117
1.19;0.429298912
1.2;0.432432803
1.21;0.435551942
1.22;0.438656471
1.23;0.441746553
1.24;0.444822328
1.25;0.447883939
1.26;0.450931541
1.27;0.453965255
1.28;0.456985226
1.29;0.459991581
1.3;0.46298447
1.31;0.465964017
1.32;0.468930353
1.33;0.471883623
1.34;0.474823927
1.35;0.4777514
1.36;0.48066615
1.37;0.483568325
1.38;0.486458032
1.39;0.489335407
1.4;0.492200538
1.41;0.495053535
1.42;0.497894538
1.43;0.500723645
1.44;0.503540988
1.45;0.506346643
1.46;0.509140711
1.47;0.511923328
1.48;0.514694603
1.49;0.51745461
1.5;0.520203444
1.51;0.522941236
1.52;0.525668071
1.53;0.528384046
1.54;0.531089259
1.55;0.533783802
1.56;0.53646777
1.57;0.539141254
1.58;0.541804353
1.59;0.54445714
1.6;0.547099714
1.61;0.549732161
1.62;0.552354567
1.63;0.554967019
1.64;0.557569599
1.65;0.56016239
1.66;0.562745481
1.67;0.56531894
1.68;0.567882853
1.69;0.5704373
1.7;0.572982359
1.71;0.575518105
1.72;0.578044615
1.73;0.580561965
1.74;0.583070232
1.75;0.58556948
1.76;0.588059787
1.77;0.590541223
1.78;0.593013861
1.79;0.595477768
1.8;0.597933015
1.81;0.600379668
1.82;0.602817799
1.83;0.605247466
1.84;0.607668739
1.85;0.610081683
1.86;0.612486362
1.87;0.614882839
1.88;0.617271177
1.89;0.619651437
1.9;0.622023682
1.91;0.624387969
1.92;0.62674436
1.93;0.629092913
1.94;0.631433687
1.95;0.633766741
1.96;0.636092129
1.97;0.638409908
1.98;0.640720136
1.99;0.643022866
2;0.645318152
2.01;0.64760605
2.02;0.649886612
2.03;0.652159891
2.04;0.654425938
2.05;0.656684805
2.06;0.658936545
2.07;0.661181206
2.08;0.663418838
2.09;0.665649491
2.1;0.667873214
2.11;0.670090053
2.12;0.672300059
2.13;0.674503277
2.14;0.676699755
2.15;0.678889538
2.16;0.681072672
2.17;0.683249202
2.18;0.685419174
2.19;0.687582635
2.2;0.689739623
2.21;0.691890183
2.22;0.694034359
2.23;0.696172194
2.24;0.698303729
2.25;0.700429006
2.26;0.702548066
2.27;0.704660944
2.28;0.70676769
2.29;0.708868341
2.3;0.710962935
2.31;0.713051512
2.32;0.71513411
2.33;0.717210768
2.34;0.719281523
2.35;0.721346422
2.36;0.723405487
2.37;0.725458761
2.38;0.727506282
2.39;0.729548086
2.4;0.731584207
2.41;0.733614683
2.42;0.735639547
2.43;0.737658824
2.44;0.739672568
2.45;0.741680803
2.46;0.743683564
2.47;0.745680883
2.48;0.747672795
2.49;0.749659332
2.5;0.751640526
2.51;0.753616423
2.52;0.755587031
2.53;0.757552393
2.54;0.759512539
2.55;0.761467502
2.56;0.763417311
2.57;0.765361998
2.58;0.767301577
2.59;0.769236105
2.6;0.7711656
2.61;0.773090091
2.62;0.775009606
2.63;0.776924175
2.64;0.778833827
2.65;0.780738606
2.66;0.782638511
2.67;0.784533582
2.68;0.786423848
2.69;0.788309336
2.7;0.790190073
2.71;0.792066067
2.72;0.793937379
2.73;0.795804019
2.74;0.797666014
2.75;0.799523389
2.76;0.80137617
2.77;0.803224402
2.78;0.805068076
2.79;0.806907231
2.8;0.808741894
2.81;0.810572089
2.82;0.812397819
2.83;0.814219147
2.84;0.816036078
2.85;0.817848637
2.86;0.819656847
2.87;0.821460753
2.88;0.823260339
2.89;0.825055647
2.9;0.826846699
2.91;0.828633518
2.92;0.830416102
2.93;0.832194517
2.94;0.833968765
2.95;0.835738867
2.96;0.83750487
2.97;0.839266752
2.98;0.841024554
2.99;0.842778297
3;0.844527977
3.01;0.846273661
3.02;0.848015348
3.03;0.849753059
3.04;0.851486815
3.05;0.853216635
3.06;0.854942539
3.07;0.856664548
3.08;0.858382681
3.09;0.860096958
3.1;0.861807398
3.11;0.86351402
3.12;0.865216843
3.13;0.866915886
3.14;0.868611169
3.15;0.870302719
3.16;0.871990535
3.17;0.873674645
3.18;0.875355068
3.19;0.877031822
3.2;0.878704924
3.21;0.880374394
3.22;0.882040248
3.23;0.883702504
3.24;0.885361179
3.25;0.887016291
3.26;0.888667856
3.27;0.890315892
3.28;0.891960416
3.29;0.893601444
3.3;0.895238993
3.31;0.896873088
3.32;0.898503727
3.33;0.900130937
3.34;0.901754733
3.35;0.903375132
3.36;0.904992149
3.37;0.9066058
3.38;0.908216101
3.39;0.909823068
3.4;0.911426715
3.41;0.913027059
3.42;0.914624114
3.43;0.916217895
3.44;0.917808418
3.45;0.919395698
3.46;0.920979748
3.47;0.922560585
3.48;0.924138228
3.49;0.92571268
3.5;0.927283961
3.51;0.928852086
3.52;0.930417069
3.53;0.931978924
3.54;0.933537665
3.55;0.935093306
3.56;0.936645861
3.57;0.938195343
3.58;0.939741767
3.59;0.941285144
3.6;0.94282549
3.61;0.944362817
3.62;0.945897139
3.63;0.947428468
3.64;0.948956822
3.65;0.950482205
3.66;0.952004635
3.67;0.953524124
3.68;0.955040685
3.69;0.956554331
3.7;0.958065074
3.71;0.959572927
3.72;0.961077902
3.73;0.962580012
3.74;0.964079268
3.75;0.965575682
3.76;0.967069267
3.77;0.968560035
3.78;0.970047998
3.79;0.971533169
3.8;0.973015555
3.81;0.974495171
3.82;0.975972029
3.83;0.97744614
3.84;0.978917514
3.85;0.980386165
3.86;0.981852102
3.87;0.983315338
3.88;0.984775882
3.89;0.986233747
3.9;0.987688944
3.91;0.989141482
3.92;0.990591373
3.93;0.992038628
3.94;0.993483258
3.95;0.994925273
3.96;0.996364683
3.97;0.9978015
3.98;0.999235734
3.99;1.000667394
4;1.002096492
4.01;1.003523038
4.02;1.004947042
4.03;1.006368513
4.04;1.007787463
4.05;1.0092039
4.06;1.010617835
4.07;1.012029279
4.08;1.013438239
4.09;1.014844727
4.1;1.016248752
4.11;1.017650326
4.12;1.019049454
4.13;1.020446149
4.14;1.021840418
4.15;1.023232272
4.16;1.024621721
4.17;1.026008773
4.18;1.027393437
4.19;1.028775723
4.2;1.03015564
4.21;1.031533197
4.22;1.032908401
4.23;1.034281264
4.24;1.035651795
4.25;1.037020001
4.26;1.038385891
4.27;1.039749474
4.28;1.04111076
4.29;1.042469756
4.3;1.043826471
4.31;1.045180914
4.32;1.046533093
4.33;1.047883016
4.34;1.049230692
4.35;1.05057613
4.36;1.051919338
4.37;1.053260328
4.38;1.0545991
4.39;1.055935666
4.4;1.057270035
4.41;1.058602215
4.42;1.059932213
4.43;1.061260038
4.44;1.062585697
4.45;1.063909198
4.46;1.065230549
4.47;1.066549759
4.48;1.067866834
4.49;1.069181783
4.5;1.070494613
4.51;1.071805331
4.52;1.073113946
4.53;1.074420458
4.54;1.075724887
4.55;1.077027235
4.56;1.078327509
4.57;1.079625716
4.58;1.080921864
4.59;1.08221596
4.6;1.083508012
4.61;1.084798026
4.62;1.086086009
4.63;1.08737197
4.64;1.088655914
4.65;1.089937849
4.66;1.091217782
4.67;1.092495721
4.68;1.09377167
4.69;1.095045639
4.7;1.096317643
4.71;1.097587671
4.72;1.098855738
4.73;1.100121852
4.74;1.101386018
4.75;1.102648243
4.76;1.103908535
4.77;1.105166899
4.78;1.106423343
4.79;1.107677872
4.8;1.108930494
4.81;1.110181214
4.82;1.11143004
4.83;1.112676978
4.84;1.113922033
4.85;1.115165213
4.86;1.116406511
4.87;1.117645957
4.88;1.118883546
4.89;1.120119284
4.9;1.121353178
4.91;1.122585233
4.92;1.123815456
4.93;1.125043853
4.94;1.126270429
4.95;1.127495191
4.96;1.128718145
4.97;1.129939296
4.98;1.131158651
4.99;1.132376215
5;1.133591995
5.01;1.134806011
5.02;1.13601824
5.03;1.137228702
5.04;1.138437403
5.05;1.139644348
5.06;1.140849543
5.07;1.142052994
5.08;1.143254706
5.09;1.144454684
5.1;1.145652936
5.11;1.146849465
5.12;1.148044278
5.13;1.14923738
5.14;1.150428776
5.15;1.151618456
5.16;1.152806455
5.17;1.153992765
5.18;1.155177392
5.19;1.156360339
5.2;1.157541613
5.21;1.158721218
5.22;1.159899161
5.23;1.161075445
5.24;1.162250077
5.25;1.163423062
5.26;1.164594404
5.27;1.16576411
5.28;1.166932183
5.29;1.168098648
5.3;1.169263474
5.31;1.170426683
5.32;1.171588281
5.33;1.172748271
5.34;1.17390666
5.35;1.175063452
5.36;1.176218651
5.37;1.177372264
5.38;1.178524294
5.39;1.179674747
5.4;1.180823627
5.41;1.18197094
5.42;1.183116666
5.43;1.184260855
5.44;1.18540349
5.45;1.186544576
5.46;1.187684117
5.47;1.188822118
5.48;1.189958585
5.49;1.19109352
5.5;1.19222693
5.51;1.193358818
5.52;1.194489189
5.53;1.195618071
5.54;1.196745424
5.55;1.197871275
5.56;1.198995626
5.57;1.200118483
5.58;1.20123985
5.59;1.202359732
5.6;1.203478132
5.61;1.204595056
5.62;1.205710507
5.63;1.206824491
5.64;1.207936985
5.65;1.209048043
5.66;1.210157645
5.67;1.211265796
5.68;1.2123725
5.69;1.213477761
5.7;1.214581584
5.71;1.215683972
5.72;1.21678493
5.73;1.217884461
5.74;1.218982597
5.75;1.220079292
5.76;1.221174572
5.77;1.222268443
5.78;1.223360908
5.79;1.224451972
5.8;1.225541638
5.81;1.22662991
5.82;1.227716793
5.83;1.22880229
5.84;1.229886375
5.85;1.23096911
5.86;1.23205047
5.87;1.23313046
5.88;1.234209084
5.89;1.235286345
5.9;1.236362247
5.91;1.237436794
5.92;1.238510019
5.93;1.23958187
5.94;1.240652378
5.95;1.241721546
5.96;1.242789379
5.97;1.243855879
5.98;1.24492105
5.99;1.245984897
6;1.247047392
6.01;1.248108597
6.02;1.249168488
6.03;1.250227069
6.04;1.251284342
6.05;1.252340313
6.06;1.253394984
6.07;1.254448358
6.08;1.255500441
6.09;1.256551234
6.1;1.257600742
6.11;1.258648967
6.12;1.259695914
6.13;1.260741586
6.14;1.261785987
6.15;1.262829119
6.16;1.263870986
6.17;1.264911592
6.18;1.26595094
6.19;1.266989033
6.2;1.268025875
6.21;1.26906147
6.22;1.270095819
6.23;1.271128928
6.24;1.272160798
6.25;1.273191434
6.26;1.274220838
6.27;1.275249014
6.28;1.276275966
6.29;1.277301696
6.3;1.278326219
6.31;1.279349515
6.32;1.280371598
6.33;1.281392473
6.34;1.282412142
6.35;1.283430609
6.36;1.284447877
6.37;1.285463948
6.38;1.286478827
6.39;1.287492515
6.4;1.288505017
6.41;1.289516335
6.42;1.290526472
6.43;1.291535432
6.44;1.292543217
6.45;1.293549831
6.46;1.294555276
6.47;1.295559555
6.48;1.296562672
6.49;1.29756463
6.5;1.298565431
6.51;1.299565078
6.52;1.300563575
6.53;1.301560924
6.54;1.302557129
6.55;1.303552191
6.56;1.304546115
6.57;1.305538902
6.58;1.306530557
6.59;1.307521081
6.6;1.308510478
6.61;1.30949875
6.62;1.31048591
6.63;1.31147194
6.64;1.312456855
6.65;1.313440656
6.66;1.314423347
6.67;1.31540493
6.68;1.316385408
6.69;1.317364784
6.7;1.318343061
6.71;1.319320241
6.72;1.320296327
6.73;1.321271321
6.74;1.322245227
6.75;1.323218047
6.76;1.324189784
6.77;1.325160441
6.78;1.326130019
6.79;1.327098523
6.8;1.328065954
6.81;1.329032315
6.82;1.329997608
6.83;1.330961837
6.84;1.331925004
6.85;1.332887112
6.86;1.333848162
6.87;1.334808158
6.88;1.335767103
6.89;1.336724998
6.9;1.337681847
6.91;1.338637651
6.92;1.339592414
6.93;1.340546138
6.94;1.341498825
6.95;1.342450485
6.96;1.343401106
6.97;1.344350698
6.98;1.345299263
6.99;1.346246804
7;1.347193324
7.01;1.348138824
7.02;1.349083307
7.03;1.350026776
7.04;1.350969233
7.05;1.35191068
7.06;1.352851121
7.07;1.353790556
7.08;1.354728989
7.09;1.355666422
7.1;1.356602857
7.11;1.357538297
7.12;1.358472743
7.13;1.359406199
7.14;1.360338667
7.15;1.361270149
7.16;1.362200647
7.17;1.363130164
7.18;1.364058701
7.19;1.364986262
7.2;1.365912848
7.21;1.366838462
7.22;1.367763105
7.23;1.368686781
7.24;1.369609492
7.25;1.370531239
7.26;1.371452025
7.27;1.372371857
7.28;1.373290727
7.29;1.374208643
7.3;1.375125607
7.31;1.37604162
7.32;1.376956686
7.33;1.377870806
7.34;1.378783982
7.35;1.379696218
7.36;1.380607513
7.37;1.381517872
7.38;1.382427296
7.39;1.383335787
7.4;1.384243348
7.41;1.38514998
7.42;1.386055685
7.43;1.386960466
7.44;1.387864325
7.45;1.388767263
7.46;1.389669284
7.47;1.390570388
7.48;1.391470578
7.49;1.392369857
7.5;1.393268225
7.51;1.394165685
7.52;1.39506224
7.53;1.395957891
7.54;1.39685264
7.55;1.397746489
7.56;1.398639441
7.57;1.399531499
7.58;1.400422661
7.59;1.40131293
7.6;1.40220231
7.61;1.403090802
7.62;1.403978409
7.63;1.404865131
7.64;1.405750971
7.65;1.406635931
7.66;1.407520014
7.67;1.40840322
7.68;1.409285551
7.69;1.410167011
7.7;1.411047599
7.71;1.41192732
7.72;1.412806173
7.73;1.413684162
7.74;1.414561288
7.75;1.415437553
7.76;1.416312959
7.77;1.417187508
7.78;1.418061201
7.79;1.418934041
7.8;1.41980603
7.81;1.420677168
7.82;1.421547457
7.83;1.422416901
7.84;1.4232855
7.85;1.424153257
7.86;1.425020173
7.87;1.42588625
7.88;1.42675149
7.89;1.427615894
7.9;1.428479465
7.91;1.429342204
7.92;1.430204113
7.93;1.431065194
7.94;1.431925448
7.95;1.432784878
7.96;1.433643484
7.97;1.434501269
7.98;1.435358235
7.99;1.436214383
8;1.437069714
8.01;1.437924232
8.02;1.438777937
8.03;1.439630831
8.04;1.440482915
8.05;1.441334192
8.06;1.442184663
8.07;1.443034331
8.08;1.443883195
8.09;1.444731259
8.1;1.445578524
8.11;1.446424991
8.12;1.447270662
8.13;1.44811554
8.14;1.448959624
8.15;1.449802918
8.16;1.450645423
8.17;1.45148714
8.18;1.452328071
8.19;1.453168218
8.2;1.454007582
8.21;1.454846166
8.22;1.45568397
8.23;1.456520996
8.24;1.457357245
8.25;1.45819272
8.26;1.459027422
8.27;1.459861352
8.28;1.460694512
8.29;1.461526904
8.3;1.46235853
8.31;1.463189389
8.32;1.464019486
8.33;1.46484882
8.34;1.465677393
8.35;1.466505208
8.36;1.467332265
8.37;1.468158566
8.38;1.468984112
8.39;1.469808906
8.4;1.470632948
8.41;1.471456241
8.42;1.472278785
8.43;1.473100582
8.44;1.473921631
8.45;1.474741938
8.46;1.475561503
8.47;1.476380328
8.48;1.477198412
8.49;1.478015759
8.5;1.47883237
8.51;1.479648245
8.52;1.480463387
8.53;1.481277796
8.54;1.482091475
8.55;1.482904425
8.56;1.483716647
8.57;1.484528143
8.58;1.485338913
8.59;1.486148961
8.6;1.486958286
8.61;1.487766891
8.62;1.488574776
8.63;1.489381944
8.64;1.490188395
8.65;1.490994132
8.66;1.491799154
8.67;1.492603465
8.68;1.493407065
8.69;1.494209955
8.7;1.495012137
8.71;1.495813613
8.72;1.496614383
8.73;1.49741445
8.74;1.49821382
8.75;1.499012483
8.76;1.499810447
8.77;1.500607712
8.78;1.50140428
8.79;1.502200152
8.8;1.50299533
8.81;1.503789815
8.82;1.504583608
8.83;1.505376711
8.84;1.506169125
8.85;1.506960851
8.86;1.50775189
8.87;1.508542245
8.88;1.509331916
8.89;1.510120904
8.9;1.510909211
8.91;1.511696838
8.92;1.512483787
8.93;1.513270058
8.94;1.514055654
8.95;1.514840574
8.96;1.515624822
8.97;1.516408397
8.98;1.517191301
8.99;1.517973536
9;1.518755102
9.01;1.519536001
9.02;1.520316234
9.03;1.521095803
9.04;1.521874709
9.05;1.522652952
9.06;1.523430526
9.07;1.524207449
9.08;1.524983712
9.09;1.525759319
9.1;1.52653427
9.11;1.527308566
9.12;1.528082209
9.13;1.528855199
9.14;1.529627539
9.15;1.530399228
9.16;1.531170269
9.17;1.531940663
9.18;1.53271041
9.19;1.533479512
9.2;1.53424797
9.21;1.535015786
9.22;1.53578296
9.23;1.536549494
9.24;1.537315389
9.25;1.538080646
9.26;1.538845266
9.27;1.53960925
9.28;1.5403726
9.29;1.541135317
9.3;1.541897402
9.31;1.542658856
9.32;1.543419679
9.33;1.544179875
9.34;1.544939442
9.35;1.545698384
9.36;1.5464567
9.37;1.547214392
9.38;1.547971461
9.39;1.54872792
9.4;1.549483747
9.41;1.550238955
9.42;1.550993544
9.43;1.551747516
9.44;1.552500872
9.45;1.553253613
9.46;1.55400574
9.47;1.554757254
9.48;1.555508156
9.49;1.556258448
9.5;1.55700813
9.51;1.557757203
9.52;1.558505669
9.53;1.559253529
9.54;1.560000784
9.55;1.560747434
9.56;1.561493482
9.57;1.562238927
9.58;1.562983772
9.59;1.563728017
9.6;1.564471663
9.61;1.565214711
9.62;1.565957162
9.63;1.566699019
9.64;1.56744028
9.65;1.568180948
9.66;
